asin,clean_units,zero_price_rows,zero_price_units,fees_against_no_revenue,profit_reported,profit_cleaned,refunds,refund_units,roi_cleaned_pct
B0CKJNCZLY,465,13,21,170.10,-1087.18,119.03,1837.98,97,4.6
B0G4B3117X,1381,59,59,472.46,6160.68,7164.14,854.82,40,57.6
B007Q4NBMC,98,17,26,236.09,64.64,715.42,164.21,5,45.8
B0G4BQ42W3,1034,36,36,259.77,-1232.96,-613.19,1554.95,77,-5.9
B00TCLDSWK,107,20,24,179.03,-73.53,454.70,46.70,10,29.2
B09NW3S8RB,319,10,19,167.23,1723.51,2247.82,249.14,9,48.6
B004MV5DM8,517,27,28,205.06,2349.37,2802.23,276.88,13,61.2
B0DLWQZHL6,245,21,21,176.27,268.68,718.16,190.99,8,22.5
B0F3P51JV3,57,22,22,211.20,-213.35,217.63,19.25,1,38.2
B00NBE7P7I,24,1,15,156.20,-242.39,138.80,0.00,0,38.6
B09SYRPK9K,15,11,17,140.24,-316.99,45.79,22.88,0,23.3
B00O1Y7K68,675,21,31,169.76,1083.12,1445.39,62.54,5,34.5
B0002KR11O,127,1,1,3.47,-651.60,-307.94,401.26,49,-56.4
B0DBV3848X,12,16,16,152.78,-209.69,118.13,0.00,0,90.0
B0DZ3Z3PC4,279,9,18,149.78,481.01,805.58,86.78,4,29.7
B0DD8BTSML,15,13,13,119.83,-240.53,50.26,0.00,0,25.5
B0GS6WGGJD,137,13,13,94.25,213.47,495.70,187.24,8,25.0
B07QLB4QJC,226,15,15,108.19,530.23,808.07,188.23,8,31.6
B0B9LG7VN9,57,16,16,115.19,3.78,278.97,0.00,0,48.9
B01M4FDXCZ,248,12,18,115.46,182.76,454.46,148.79,8,21.1
B01AYKM1UC,240,12,20,135.28,285.29,554.81,331.27,20,40.1
B00JF7HJMG,172,15,21,141.20,510.16,774.00,31.68,2,77.1
B01LIHK620,569,16,16,109.01,2222.85,2478.42,155.50,8,47.6
B01LW3RJI6,164,11,15,111.22,33.10,276.17,287.39,15,19.2
B079STG3DR,507,10,10,81.83,356.15,598.28,99.68,4,7.4
B00LFXMBKI,10,12,16,125.12,-135.22,101.10,0.00,0,145.5
B07RQ9QB6K,276,5,16,87.02,36.17,239.52,680.10,39,11.9
B0FT44WJFW,60,8,9,68.32,-118.78,76.26,22.74,1,9.0
B005R1YGRA,137,6,13,91.27,339.90,527.63,36.47,2,51.9
B07WR2R8WY,49,9,10,77.05,116.88,303.93,24.28,1,56.4
B0D9R4NJR5,229,11,11,99.91,414.96,594.85,277.87,14,35.7
B0064CUFVC,60,3,8,59.90,-261.45,-81.87,247.56,10,-9.1
B0G6TFFF2M,526,12,12,80.48,1899.07,2077.10,39.19,2,48.6
B000RQQ10K,86,6,6,69.72,322.82,498.13,269.77,7,32.9
B0BY3HJ96R,71,5,13,107.39,1.41,176.66,29.79,2,47.7
B01H0XM5D4,244,8,9,69.11,1343.13,1511.60,100.22,6,56.1
B0GP7VGGTK,7,3,3,32.73,-99.34,60.23,0.00,0,20.4
B07YD5D8HX,374,12,13,74.66,403.58,560.07,50.04,5,23.8
B004IH1WSK,338,11,11,82.41,110.98,260.93,54.27,5,12.6
B0D3YBX63C,175,8,11,71.51,-118.57,30.05,0.00,0,2.4
B0GVNDNKFX,14,6,6,58.48,-3.33,144.98,0.00,0,69.2
B071GWMDWD,770,6,7,52.57,1884.72,2031.79,777.80,33,19.5
B07YGM6MZX,61,4,5,50.97,28.55,171.12,63.09,2,15.3
B0F7GWV4C5,86,6,6,54.92,104.49,243.35,0.00,0,20.2
130293368X,80,6,6,73.13,308.59,446.99,0.00,0,51.4
B004TR4B7S,119,5,6,50.83,1269.18,1406.53,42.68,9,82.0
B07CB1M6N7,118,7,7,65.69,324.02,460.83,148.81,7,38.4
B0FJMDVYX5,1,5,5,46.55,-125.66,8.04,0.00,0,46.1
B0B1MXD5ZN,304,14,16,94.55,269.96,401.00,676.41,55,57.9
B09XFCCC9B,98,7,7,50.88,272.15,400.03,21.94,2,37.1
1338246038,255,9,9,72.16,930.26,1056.87,153.08,9,68.5
B0CHZLKP4L,27,5,5,53.04,-11.96,113.78,31.14,1,29.0
B07L3W8QRL,7,4,4,44.50,-62.01,62.45,0.00,0,44.6
B0H4WJS6M1,0,6,6,49.20,-123.42,0.00,0.00,0,
B0FLSJJB36,3,9,9,60.55,-105.89,13.34,0.00,0,68.2
B0BVQ7M886,36,3,3,46.31,310.76,429.97,0.00,0,49.2
B0H8PKYSNL,15,6,6,45.73,-79.34,38.21,0.00,0,21.3
B00DLD1C0A,7,2,5,39.13,-112.90,2.93,0.00,1,2.7
B0C69ZH2D6,24,3,6,46.70,26.12,139.23,0.00,0,52.4
B076HNQVFW,31,10,10,63.32,24.50,137.32,0.00,0,89.5
B011T7J91S,95,7,7,62.44,104.41,217.11,28.81,3,31.8
B09WJHD19B,142,1,6,46.54,-784.02,-671.84,1079.11,47,-43.2
B09XYVV556,2,1,1,31.05,-73.15,37.90,0.00,0,23.7
B0GSX3XQ97,48,5,5,41.95,167.92,276.47,84.49,3,43.2
B084LMV3NM,79,8,14,52.23,-34.40,73.69,0.00,0,23.4
B07BP8GNQB,26,1,5,35.45,-86.32,20.03,23.39,1,5.4
B0BM6LWJ49,361,6,6,49.88,92.64,195.39,144.65,9,6.1
B0859VRFZV,47,4,4,40.06,3.36,105.94,0.00,0,14.4
B005SRS8TK,270,7,7,46.36,491.07,593.01,56.13,5,27.7
B00UGQCWG8,38,5,5,44.42,-14.23,87.24,0.00,0,20.1
B00E6O5JV6,202,11,11,53.89,409.58,510.88,24.79,8,58.7
B08HHBDW3C,0,5,5,47.78,-101.13,0.00,0.00,0,
B002HI9D60,2,5,7,45.70,-90.45,8.45,0.00,0,55.6
B0CYR1KRRL,210,6,6,40.81,-1671.74,-1572.97,2444.54,122,-77.5
B014I9DJWY,30,4,4,52.57,144.11,242.44,0.00,0,70.6
B0H355GGTQ,27,4,7,43.36,-88.32,9.57,0.00,0,4.5
B01LDQINFS,4,4,4,42.26,-75.97,20.25,0.00,0,37.5
B006XEAHO6,22,4,4,48.08,-34.70,61.39,26.16,1,23.3
B00MND6P06,20,3,5,43.31,-36.87,58.84,17.46,2,28.1
B000PAO3NK,7,6,6,43.68,-46.37,44.83,0.00,0,80.9
B08RXX5S9K,0,2,2,26.23,-91.01,0.00,0.00,0,
B00G71LBWM,23,4,6,43.27,-45.88,44.61,17.51,1,24.6
B0BLK2ZGKX,48,3,3,34.69,401.05,488.90,240.65,6,57.5
B003CJ927I,16,3,3,21.07,-40.44,45.78,60.62,3,19.7
B000UVUAFO,18,4,13,54.34,0.69,86.23,12.44,1,199.6
B071L689X9,237,2,4,31.60,470.30,555.62,404.67,18,17.5
B0GD2TSPFN,65,2,2,25.05,807.34,892.35,116.01,1,45.8
B003WXXGA8,6,3,3,33.30,-63.88,19.28,0.00,0,19.3
B0GGMLFGPG,159,8,9,37.76,311.12,393.61,15.72,1,49.8
B00QW2R4HW,15,4,5,35.74,-29.47,52.62,0.00,0,37.8
B0F3P2HY7W,10,4,4,39.61,-39.44,40.13,0.00,0,40.2
B07TTFBL8Z,36,3,4,29.47,-46.80,32.27,146.76,5,7.2
B0DLF7F6Y1,0,4,4,46.29,-78.29,0.00,0.00,0,
B00QO3N0JK,59,4,4,42.14,254.81,332.95,24.58,1,62.7
B002FCL7PS,262,6,6,37.66,712.39,790.01,88.31,6,45.3
B00A6W0HEQ,174,6,8,37.23,495.24,572.23,70.28,4,66.2
B0G2YNN87D,11,2,2,33.12,-98.65,-22.37,36.70,1,-9.4
B0B6QF9J6J,118,4,6,44.77,188.56,264.52,58.44,4,43.1
B0F226Y3W8,60,3,3,29.88,194.07,269.70,25.65,1,29.5
B00ACRL0NM,6,5,5,34.09,-64.13,10.66,0.00,0,21.8
B0GXCDB8XM,81,4,4,34.68,254.45,329.01,29.96,1,40.7
B0G54JL52W,101,3,3,29.98,349.46,423.12,145.14,6,28.8
B09N1RG7JC,157,5,6,27.10,-229.20,-156.13,465.93,35,-13.0
B0GNC6CRCD,291,5,5,32.67,-193.82,-122.25,34.83,3,-5.4
B00JNR7928,454,6,6,41.19,897.44,968.87,279.38,20,42.3
B0FDBLXXXW,102,4,4,30.45,169.72,240.13,35.04,2,23.6
B0BMTMQTW5,24,1,1,19.32,132.69,202.11,157.27,2,16.8
B085XRMV71,14,2,2,21.46,-7.91,60.89,0.00,0,18.4
B07FTPVR49,12,2,2,27.98,-20.82,47.94,0.00,0,19.6
B000HHJKZW,78,3,9,33.20,-33.07,35.23,0.00,0,11.6
B09F886951,63,3,5,27.70,16.92,85.12,14.84,1,16.7
B0G46C1N7W,71,3,3,24.11,-22.40,45.39,0.00,0,4.4
B007P1ZO94,448,3,3,27.30,1006.70,1074.21,169.72,9,17.9
B004WBCBZA,38,3,3,33.65,230.57,298.03,0.00,0,69.6
B00HTJUXO8,50,4,4,37.31,72.96,140.27,48.96,3,37.4
1887840311,40,3,3,28.39,-21.97,45.27,63.66,3,8.7
B00GB96TG8,56,3,4,22.26,27.33,93.59,57.76,3,15.2
B0D98V7WQ6,2,3,3,27.85,-64.62,0.97,0.00,0,3.8
B0GP6685H7,78,3,3,29.41,349.13,414.12,26.88,1,44.8
B0BN121NSL,4,1,1,0.00,-116.11,-51.18,0.00,0,-19.7
B0F71LKGFF,10,3,3,22.61,-71.32,-6.61,0.00,0,-4.7
B09CT1XKSB,77,3,4,29.41,28.38,91.35,82.82,5,14.1
B0CFL1SQ13,33,3,3,29.69,-1016.31,-953.74,1116.10,3,-263.7
B00THJ9NB2,2,2,2,18.28,-49.92,12.37,0.00,0,28.1
B08K42D738,3,3,3,21.79,-59.79,2.48,0.00,0,6.1
B0FFTHG3JM,3,3,3,20.27,-57.05,4.50,0.00,0,10.9
B0GV16PNVX,36,3,3,20.80,-177.64,-116.37,15.92,1,-24.0
B0GNT5D5RP,28,3,3,24.14,156.73,217.86,0.00,0,63.1
B01F994M5A,152,3,3,28.98,687.11,747.86,25.71,1,46.5
B0H4WH84HR,17,3,3,22.50,-10.86,49.89,27.11,1,23.0
B00387HQ3G,50,3,3,34.00,55.96,115.46,37.26,2,27.2
B000SORCAE,71,3,6,33.02,16.16,75.40,20.46,2,24.3
B0FF4J5VDK,10,4,4,19.29,-6.75,52.42,0.00,0,52.6
B0DJ2SSK36,45,3,3,21.63,74.69,133.82,45.51,3,23.8
B0DDPMG6XX,99,3,3,28.42,300.11,358.18,57.52,3,36.6
B00LPP8BJQ,55,2,3,20.60,2.37,59.33,0.00,0,8.9
B0DYHJTDPH,105,3,3,25.93,-74.56,-17.96,71.74,4,-1.7
B00GYVHEXK,111,2,2,11.41,26.14,82.50,183.62,12,9.7
B0DQ6Q1SNL,1,3,3,34.53,-39.85,16.10,0.00,0,225.5
B08HGY4PP8,11,3,3,27.87,37.36,92.22,0.00,0,93.2
006092988X,84,3,3,30.22,320.74,374.90,89.36,5,55.9
B0DWNWWVPL,110,3,3,23.55,568.44,622.49,25.44,1,55.6
B00SQAR0Q8,16,2,2,26.88,-9.11,44.36,0.00,0,20.8
B01KW5W3RU,135,2,4,25.72,457.87,510.95,371.06,19,55.3
B07D51HG5Z,41,3,3,23.89,179.37,232.39,24.91,1,58.4
B077795S1F,64,5,5,30.28,-18.49,33.99,27.57,2,12.0
B0H2J55B7N,8,3,4,25.81,-22.32,29.48,0.00,0,56.7
B07DP86CVY,27,2,2,21.47,34.84,86.31,0.00,2,21.3
B07TNZFS7M,84,2,2,20.83,519.60,570.43,125.73,4,45.3
B0FYSH8259,18,2,2,20.07,58.38,109.19,28.52,1,39.5
B00XOXZ41A,52,3,3,19.21,-12.49,38.21,0.00,0,7.0
B00M2921X6,35,3,4,18.05,-50.94,-0.53,13.34,1,-0.2
B0F7C11WQ8,10,3,3,21.76,-54.59,-4.21,19.24,1,-4.4
B09KZHSF6N,57,3,3,11.16,-79.59,-29.61,88.47,4,-4.0
B0DWF4FQBD,2,3,3,24.49,-38.81,11.12,0.00,0,65.6
B008NQNMNA,79,3,3,28.40,193.17,242.33,83.00,5,44.3
B0CFVZV1N5,3,2,2,19.06,-33.04,16.02,0.00,0,35.6
B075FXGNN8,12,1,1,14.37,-13.55,34.85,0.00,1,8.5
B0BD76CTHT,32,1,1,15.63,-202.52,-154.22,163.83,4,-14.8
B007PS0LA4,54,2,2,11.68,-174.80,-127.18,159.05,14,-33.0
B00IJ3C28I,23,3,3,27.66,107.61,154.11,21.65,1,106.7
B0GW6VWPGN,20,2,2,16.50,55.59,102.07,0.00,0,34.0
B00275QAMI,32,4,4,22.98,126.13,172.11,0.00,0,93.5
B00QH7BJ82,63,2,2,13.08,136.46,181.64,72.94,3,18.0
B06XDRKVJ1,40,3,3,18.04,-183.23,-139.03,338.08,18,-39.9
B01D0BD8CM,130,1,1,7.62,-424.62,-380.43,576.67,27,-23.2
B0DD519KWC,43,3,3,22.48,122.07,165.55,18.69,2,55.0
B0CWS2B6F6,83,2,2,16.25,306.94,350.15,0.00,0,31.3
B079P92MRB,2,2,2,14.80,-25.28,17.48,0.00,0,62.5
B0GRXXH1L1,60,2,3,18.02,118.68,160.70,0.00,0,33.5
B01BPX8BLK,99,3,3,19.43,-468.64,-426.65,630.95,42,-57.3
B0G54FT6JF,192,2,2,9.39,750.95,792.70,117.29,5,25.5
B018IRZMPY,80,5,5,28.39,456.24,497.88,14.24,3,234.8
B0B52QHYGW,166,3,3,19.48,157.27,198.83,96.99,7,16.3
B01GW3TA8Q,41,2,2,16.22,41.54,83.02,20.18,2,16.0
B00QOT38AA,34,3,3,20.26,42.05,83.01,15.75,1,35.4
B00N4EB7UG,50,3,3,23.74,162.54,202.78,52.60,2,73.7
B07N1JKRNP,23,1,1,6.35,-108.81,-68.65,67.92,3,-21.9
B01AI9EZ3K,98,5,5,29.07,6.36,46.33,8.45,1,21.7
B06XC1LFBQ,42,3,3,24.94,14.31,54.16,27.47,2,25.9
B01IFIKE5E,51,3,3,6.34,24.04,63.71,28.35,2,11.2
B0085UK8TA,28,1,2,14.64,-140.53,-101.01,28.44,2,-29.0
B0C81J4TLP,11,1,1,11.05,-12.79,26.62,39.25,1,8.5
B0GD8B8NCD,30,1,1,9.26,-340.94,-301.75,0.00,0,-33.6
B0DPZVCR31,4,1,1,15.41,18.22,57.16,0.00,0,60.7
B01NAN4AFI,15,2,2,21.72,84.28,122.66,0.00,0,98.2
B01M8ML0SY,34,3,3,18.03,23.95,61.39,0.00,0,27.9
B077DY3DRM,188,2,2,9.36,-684.86,-647.55,914.51,62,-44.4
B01M11DBSR,96,2,2,10.30,375.14,412.42,50.70,2,31.8
B0915CKDJ7,48,3,3,21.05,156.89,194.11,68.49,4,75.0
B085RRVMLS,112,2,2,15.20,19.64,55.84,161.22,9,4.7
B016MJ7YBK,29,1,1,11.90,213.07,249.13,47.97,1,35.6
B0BKQPKSZV,30,2,2,7.95,0.09,36.08,118.55,4,8.6
B0FC2HXZYZ,60,2,2,14.04,-267.03,-231.39,13.55,1,-35.7
B00NBOE3XC,19,2,2,11.34,64.21,99.73,0.00,0,43.4
B001DKV5H8,58,2,2,14.80,397.14,431.92,59.35,3,74.5
B011T70N54,40,2,2,18.49,-3.26,31.23,28.94,2,9.8
B0G3XTWZYX,76,1,1,22.77,336.78,370.55,182.94,5,44.3
B0F3F9Z2GS,178,2,2,14.29,609.30,643.01,103.79,3,37.2
B000GWG14Q,147,2,2,16.58,-452.27,-418.71,1358.85,58,-33.5
B09YVJFWM9,23,2,2,14.04,19.18,52.74,0.00,0,23.5
B005MTYH1M,190,3,3,13.12,345.91,379.04,455.83,27,29.9
B003W0M70Q,12,3,3,16.39,-6.47,26.42,13.10,1,40.0
B07D48BJSG,20,1,1,11.58,-99.95,-67.37,91.71,3,-16.0
B0DY5DLF3X,30,2,2,14.12,148.08,179.47,0.00,0,69.3
B0DVTKG6PP,9,2,2,0.00,-113.35,-82.15,0.00,0,-58.5
B00G3MJ0D2,52,2,3,15.66,194.02,225.16,55.53,3,83.9
B0DWKBXV7V,87,1,1,12.86,275.52,306.50,35.25,1,19.4
B0FLQVBZWX,45,2,2,13.07,61.15,90.20,0.00,0,25.1
B078216NP9,34,2,2,13.09,49.53,78.56,0.00,0,29.0
B0CL1YK4DC,8,1,1,12.39,-36.21,-7.32,31.01,1,-5.5
B003BL7W42,108,2,2,6.64,166.87,195.70,119.57,9,41.5
B006DNLNUO,18,1,1,13.66,9.56,38.31,59.51,3,14.1
B0C8Z7L2LQ,191,2,2,13.07,494.95,523.54,161.63,9,35.3
B0G1ZFK88V,30,1,1,8.89,22.50,50.94,30.68,5,8.7
B0FL83L295,1,1,1,9.48,-21.98,6.43,0.00,0,34.0
B0F1DQ3DNV,118,1,1,13.39,724.34,752.40,63.25,2,43.5
B00Q3FN3BY,33,1,1,11.97,663.07,691.01,48.35,1,131.1
B00IIAWSTA,7,1,1,12.84,2.35,30.19,0.00,0,28.7
B0DWT8Q8C4,47,1,1,13.51,183.06,210.16,59.52,2,32.9
B001V5PHP6,8,1,1,6.76,-60.67,-33.77,35.44,3,-48.2
B07HLVB8GZ,126,2,2,10.80,12.27,39.05,138.12,9,3.9
B01HDYORU4,35,2,2,12.76,-0.20,26.12,0.00,0,11.0
B00YFV8NYA,32,2,2,12.12,-7.54,18.64,53.88,4,8.3
B0CP6GZ7YG,36,2,2,8.84,314.63,340.73,53.31,2,109.7
B00FAIUBKG,107,2,2,12.66,48.29,74.33,112.95,7,10.4
B01JIA5VXI,26,1,1,12.87,-45.33,-19.34,133.95,5,-5.7
1589096428,196,1,1,10.52,352.84,378.33,360.72,14,12.9
B0BRYJZY1M,1,2,2,14.56,-22.18,3.18,0.00,0,58.8
B07ZPDGT56,10,1,1,9.27,-27.97,-2.69,0.00,0,-1.7
B00I63FY0E,44,1,1,13.02,200.80,226.04,23.65,1,42.0
B0BXKSYPYY,5,1,1,11.32,0.26,25.38,0.00,0,36.8
B0981X6QSM,8,1,1,10.59,37.70,62.32,33.97,1,55.5
B08ML5SP3Y,4,1,1,9.55,28.85,53.40,0.00,0,89.0
B07B4D1PY5,7,1,1,13.18,27.65,52.18,30.61,1,65.7
B014GFSXK8,11,2,2,14.88,-31.54,-7.02,21.60,2,-13.2
B016Q4DMDA,12,1,1,10.87,-35.66,-11.20,23.80,1,-6.9
B004TC1THS,36,1,1,12.51,146.60,170.31,0.00,0,42.2
B0DBHT3W6T,98,2,2,11.98,425.51,449.07,31.82,2,79.1
B077SC2G8S,40,1,1,10.18,112.48,135.99,0.00,0,25.5
B08YS9LX5L,26,1,1,12.02,283.24,306.52,31.89,1,104.7
B007HOUG3I,7,1,1,8.36,-15.39,7.63,0.00,0,7.4
B06XY2N2ST,2,1,1,7.00,-30.65,-7.65,0.00,0,-23.9
B07P7LV7ZD,29,1,1,9.73,-6.12,16.84,51.79,2,4.4
B07Q1GCDTY,78,1,1,8.80,60.26,83.17,0.00,0,7.6
B0GN9MX14H,45,1,1,8.37,104.01,126.81,47.44,2,19.5
B0CYCCBWST,13,1,1,7.41,-2.61,19.52,0.00,0,10.2
B0C2W5P5FZ,109,1,1,9.59,411.79,433.87,22.65,1,31.9
0349701172,28,1,1,11.34,228.18,250.23,0.00,0,83.4
B01KWABYJ8,41,1,2,10.32,38.19,60.09,43.68,3,25.3
B07FN34L97,91,2,3,12.57,58.29,80.07,25.69,3,28.7
B0792DJ2LB,227,1,3,12.61,249.24,270.97,24.39,3,39.3
B0FZW4TWR8,10,1,1,0.00,42.86,64.45,0.00,0,29.9
B072N3T6MV,5,1,1,0.00,-34.57,-12.99,33.46,1,-12.0
B0DR9SCRCB,24,1,1,7.52,7.08,28.62,21.59,1,8.5
B07PPCC1BP,414,4,4,12.05,82.26,103.69,245.42,50,25.3
B004J0FPFW,274,3,3,10.89,211.88,233.24,0.00,0,24.4
B0863C1KVV,142,1,1,8.79,-118.88,-97.59,207.08,5,-5.5
B0CCSRRKN7,17,1,1,10.68,60.11,81.35,21.12,1,45.3
B01NCQ2V3X,18,1,1,9.63,86.00,107.13,0.00,0,51.8
B01MT0ATS6,203,2,2,10.41,210.85,231.92,13.56,1,21.4
B0H854F7VF,5,1,1,8.66,4.02,25.00,0.00,0,40.6
B00BDXEBDK,13,1,1,9.84,5.04,25.88,0.00,0,18.1
B0DQVS6HK1,53,1,1,9.97,25.45,46.18,106.43,5,8.1
B00004U4N3,125,3,3,7.73,189.77,210.43,22.17,2,39.1
B0CMJ83BVY,50,1,1,8.78,64.17,84.76,21.23,1,14.4
B01M9IBP4T,6,1,1,9.86,33.72,54.04,0.00,0,86.1
B0CWMFDWG2,20,1,1,7.33,-14.84,5.44,0.00,0,2.1
B008073O3A,181,1,1,9.45,391.57,411.80,138.14,9,21.1
B0195UTTD4,80,2,2,10.23,263.24,283.45,0.00,0,71.0
B09DL74LVW,2,1,1,8.87,1.56,21.43,0.00,0,97.4
B009SGZPPC,40,1,1,11.24,44.28,63.99,46.24,3,18.9
B0FJ4JFBNR,31,1,1,7.99,-28.89,-9.26,17.18,1,-2.6
B0GRJWYB7J,8,2,2,10.70,1.90,21.44,0.00,0,60.6
B0F4L5DV34,6,1,1,8.30,-8.28,10.88,0.00,0,16.7
B007MQMT3G,0,1,1,7.74,-19.12,0.00,0.00,0,
B0DNX24QG7,11,1,1,10.26,39.60,58.49,0.00,0,61.6
B08SWN2R6J,76,1,1,7.45,141.40,160.27,99.75,5,18.5
B003ED8M4G,48,1,1,7.12,69.35,88.05,0.00,0,15.8
B0849S5XDF,42,1,1,7.53,-436.33,-417.90,502.64,3,-91.3
B0DRTLWSH7,19,1,1,8.18,-14.93,3.25,0.00,0,1.7
B00BP0Q3SW,9,1,1,8.64,-14.53,3.61,0.00,0,4.2
B0FJVCNVV3,35,1,1,9.50,213.00,231.14,0.00,0,76.5
B00UTGOLAU,1,1,1,8.13,-11.39,6.74,0.00,0,67.4
B0FTXZQ116,56,1,1,7.08,-32.59,-14.74,60.73,3,-2.4
B00BR9SRW6,39,1,1,9.04,112.79,130.48,74.45,4,38.7
B0GS3KC7LQ,10,1,1,9.55,49.61,67.15,0.00,0,84.0
B0027R6UKS,11,1,1,9.62,53.83,71.31,0.00,0,82.5
B071SHT12C,7,1,1,7.58,-3.78,13.67,0.00,0,19.8
B01IP0F65A,15,1,1,8.05,-62.94,-45.84,119.46,4,-33.8
B0186HI96A,99,1,1,6.90,238.67,255.38,34.00,2,26.3
B07MXRZDGY,216,2,2,8.71,65.31,81.98,127.42,14,9.5
B0G8R4XRJX,26,1,1,7.17,129.67,146.31,0.00,0,59.5
B0G54FYGXQ,122,1,1,7.46,887.15,903.71,81.99,5,81.4
B0DJDC2FN7,17,1,1,7.12,64.78,81.18,0.00,0,51.5
B01FQLZL4M,0,1,1,7.75,-16.38,0.00,0.00,0,
B075PPSMYC,68,1,1,6.99,241.25,257.56,0.00,0,40.6
B00I796HS0,190,1,1,8.92,536.88,553.14,48.45,5,39.7
B0G2MJS1ZT,10,1,1,0.00,-23.79,-7.61,27.72,1,-4.7
B0036B3WA0,23,1,1,9.50,93.38,109.38,0.00,0,73.2
B0HDF6761N,0,1,1,7.95,-15.95,0.00,0.00,0,
B0FXBDK97S,43,1,1,7.85,-113.40,-97.46,388.14,3,-28.0
B08HH982Q2,5,1,1,7.30,9.38,25.13,0.00,0,59.5
B002RN1LU6,66,2,2,11.86,-129.52,-113.80,37.04,5,-89.3
B004T2BM0W,56,1,1,8.03,226.69,242.22,17.86,1,57.7
B0GHZQHDSF,93,2,2,9.38,223.07,238.49,11.70,1,84.9
B06XKB9Z2Z,25,1,1,6.25,109.13,124.33,0.00,0,55.6
B0FB151FTY,69,2,2,6.47,-58.00,-42.89,21.27,3,-14.4
B09BNMWJH9,346,1,1,8.07,1277.25,1292.32,162.36,9,53.4
B07VSNBTSH,18,1,1,8.70,22.74,37.77,0.00,0,33.1
B0CFF4C9DC,50,1,1,9.94,-200.60,-185.66,51.89,4,-74.3
1594712832,136,1,1,8.60,403.01,417.72,24.20,4,50.3
B08CB4WXS4,21,1,1,7.09,29.83,44.02,33.08,2,29.5
B0BCL1G8CJ,103,1,1,6.30,52.19,66.32,13.01,1,8.2
B0CSN6T17S,94,1,1,9.01,211.98,226.04,73.16,5,47.6
B0040N3CQW,10,1,1,9.56,-2.32,11.21,0.00,0,28.2
B010LMLS3E,40,1,1,6.25,175.69,189.08,0.00,0,66.2
B09W4CVLCY,25,1,1,0.00,96.09,109.29,0.00,0,33.1
B0G5B2CYLQ,97,1,1,5.38,76.84,90.00,0.00,0,11.9
B0DT7GF2P8,0,1,1,6.66,-13.08,0.00,0.00,0,
195018529X,44,1,1,8.16,172.44,185.46,12.65,1,86.7
B0BNQLYZ11,11,1,1,4.82,-30.68,-18.37,32.05,2,-22.3
0786962984,49,1,1,0.00,-887.27,-875.01,1586.95,7,-145.7
B00IWHUMQU,141,2,2,8.58,88.38,100.44,19.82,3,40.9
B0FJRVC487,24,1,1,0.00,71.07,82.76,0.00,0,29.5
B000FTQP00,20,1,1,5.48,18.34,30.03,0.00,0,24.2
B018UMO5QO,36,1,1,4.05,-5.46,6.08,76.90,6,2.3
B081S6QGL7,127,1,1,5.61,434.49,446.02,29.57,2,59.3
B0BLZHM88N,8,1,1,0.00,28.70,40.20,0.00,0,43.7
B00GFRIRHU,10,1,1,5.88,-8.86,2.60,11.98,1,4.7
B0GFGTB7J9,30,1,1,6.33,99.01,110.31,0.00,0,74.0
B0179QKTSA,0,2,2,1.84,-11.10,0.00,0.00,0,
B0FTY8VXN9,30,1,1,0.00,45.67,56.45,0.00,0,17.5
1067078352,0,1,1,0.00,-10.50,0.00,0.00,0,
B0161N8KQA,19,1,1,0.00,98.83,109.33,0.00,0,54.8
B004F3RWXG,14,1,1,5.73,17.58,28.06,0.00,0,42.2
B09L6RTJMN,62,1,1,0.00,1165.92,1176.35,112.01,5,181.9
B0751CXH19,20,1,1,0.00,41.25,51.63,43.70,2,24.9
B0CJRSXL2Q,17,1,1,5.67,53.71,64.01,14.38,1,81.3
1066352552,3,1,1,0.00,-23.60,-13.67,0.00,0,-45.9
B001FD3756,10,1,1,7.09,34.85,44.76,36.16,2,158.7
B01MTWV5SU,17,1,1,0.00,48.38,58.00,0.00,0,35.5
B004AGM25Q,49,1,1,5.24,107.39,116.34,21.20,2,64.0
B088KSR24L,5,1,1,0.00,30.45,39.40,0.00,0,88.0
B0CTJ4J3JJ,281,1,1,4.44,140.20,148.95,53.05,9,12.3
B00M291ZSI,32,1,1,4.32,108.89,117.62,0.00,0,83.3
B00I6TFSW2,192,1,1,3.84,224.57,233.26,9.02,1,25.0
B0085ILR8S,30,1,1,4.12,58.67,67.13,0.00,0,51.6
1066863685,3,1,1,0.00,-19.98,-11.90,0.00,0,-49.1
B0CPFPQXQK,21,1,1,0.00,44.51,52.01,57.65,3,33.0
B004BNG3MG,81,1,1,0.00,88.31,95.46,52.67,4,16.5
B009AX7E3E,73,1,1,0.00,174.33,180.28,39.92,3,41.5
B00DE8V4G4,131,1,1,4.02,135.85,141.67,20.76,3,60.1
PENDING,0,40,49,0.00,0.00,0.00,0.00,0,
