brand,dead_asins
HISMILE,4
Ultra Pro,4
Saforelle,3
A-Derma,2
Asmodee,2
Bandai Namco,2
HUGGIES,2
KIRKLAND,2
KLEIN TOOLS,2
PHILIPS,2
SKINEEZ Skincarewear,2
Too Faced,2
Venum,2
Air Wick,1
Always,1
AriZona,1
Avyna,1
AXIS-Y,1
Bee Paper Company,1
Benjamin Moore,1
Biotherm,1
BLACK+DECKER,1
Bobbi Brown,1
Boston Baked Beans,1
Broan-NuTone,1
Buffalo David Bitton,1
Capcom,1
Carhartt,1
Charlotte Tilbury,1
Christmas.uk,1
Cirkul,1
ClayetteSoft2lb,1
Clever,1
Cora,1
Dial,1
Diamond Select Toys,1
DIKAYI,1
Disney Princess,1
e.l.f.,1
enMotion,1
Essence Cosmetics,1
Everydecor,1
Every Man Jack,1
Evolve,1
Ferrari,1
Filtrete,1
Fisher-Price,1
Fiskars,1
five below,1
Frango Chocolates,1
FURminator,1
Gamegenic,1
Garnier,1
Giusti,1
Golden Rewards,1
Grin,1
Grown Alchemist,1
GS2 Games,1
GSParts,1
HANHOO,1
hanky panky,1
Harry's,1
Hello Kitty,1
Hot Tub Classic Parts,1
imPRESS,1
INKPRIME,1
Jambu,1
Jouer,1
Kipling,1
Leder Games,1
Lubriderm,1
MACKENZIE-CHILDS,1
Magic: The Gathering,1
Masters of the Universe,1
Matfer,1
Mead,1
Medline,1
Mega Brands,1
Merge Games,1
Mielle Organics,1
Milk Makeup,1
Moen,1
Monopoly,1
Mother Bee Maternity,1
Namco Bandai,1
Nanoleaf,1
NARS,1
Nature's Sunshine,1
Neutrogena,1
New Society Publishers,1
Old Spice,1
OUAI,1
Over & Back,1
Peet's Coffee & Tea,1
PJ Masks,1
PlayStation com,1
Plumb Craft,1
Pokémon,1
Post-it,1
PPP,1
Prime Connect,1
PrimeConnect,1
Privilege Caviar Pear,1
Rayovac,1
Resin,1
Roman,1
Room101,1
Rose Inc,1
Rubbermaid,1
RUNGNE,1
Samsung,1
Scruples,1
Sennheiser,1
Series 8 Fitness,1
Seventh Generation,1
Shiseido,1
Simon & Schuster,1
Skip Hop,1
Sprayco,1
Standard Process Inc.,1
STAR WARS,1
Stoneblade Entertainment,1
Sunny Days Entertainment,1
Sweed Lashes,1
THANKYOU FARMER,1
Thyme & Table,1
Tonies,1
Tree Hut,1
Ty,1
Umarex,1
UNIVERSAL,1
Vibe,1
Vibe Essential,1
Whirley DrinkWorks,1
White-Rodgers,1
Wireless Express,1
Wizarding World,1
Youth To The People,1
Zanies,1
ZEVO,1
Ziploc,1
